{
	"ground_position" : [ -0.047349, 0.027038, -4.74122 ],
	"ground_quat" : [ 0.689703, 0.006306, -0.002186, 0.724062 ],
	"position" : [ -0.02895, 0.101099, -0.060046 ],
	"frustum" : [ -0.624705, 0.623617, -0.488982, 0.291631, 1.0, 10.0 ],
	"rotatexyz" : [ -173.486633, -179.708557, -0.190663 ],
	"quat" : [ 0.002445, 0.056805, 0.998381, -0.001806 ]
}
