{
	"ground_position" : [ -0.050977, -0.249437, -2.592216 ],
	"ground_quat" : [ -0.011387, -0.018838, -0.017826, 0.999599 ],
	"position" : [ -0.135096, -0.263503, 0.31686 ],
	"frustum" : [ -0.623707, 0.594884, -0.372717, 0.398178, 1.0, 10.0 ],
	"rotatexyz" : [ -0.470017, -2.461189, -2.055641 ],
	"quat" : [ -0.003715, -0.021399, -0.018022, 0.999602 ]
}
