{
	"ground_position" : [ -0.072518, -0.247243, -2.588981 ],
	"ground_quat" : [ 0.699621, -0.024838, -0.001619, 0.714079 ],
	"position" : [ -0.136746, -0.264025, 0.320437 ],
	"frustum" : [ -0.535654, 0.483928, -0.348507, 0.423587, 1.0, 10.0 ],
	"rotatexyz" : [ -1.85338, -2.715887, -2.027598 ],
	"quat" : [ -0.015747, -0.023405, -0.018069, 0.999439 ]
}
