{
	"position" : [ 0.033086, 2.908965, 0.07687 ],
	"frustum" : [ -0.535293, 0.484272, -0.349375, 0.422632, 1.0, 10.0 ],
	"rotatexyz" : [ -90.565369, 0.081924, 0.792602 ],
	"quat" : [ -0.710566, -0.004412, 0.005375, 0.703594 ],
	"cloud_rotate" : [ -0.699621, 0.024838, 0.001619, 0.714079 ],
	"cloud_translate" : [ 0.149235, 2.58989, -0.198427, 0.0 ]
}
