{
	"position" : [ -0.038052, 4.679127, 0.153368 ],
	"frustum" : [ -0.624705, 0.623617, -0.488982, 0.291631, 1.0, 10.0 ],
	"rotatexyz" : [ -86.27169, 179.854126, -0.397902 ],
	"quat" : [ -0.003404, 0.729733, 0.683723, -0.001445 ],
	"cloud_rotate" : [ -0.689703, -0.006306, 0.002186, 0.724062 ],
	"cloud_translate" : [ -0.010393, 4.734527, 0.257438, 0.0 ]
}
