{
	"ground_position" : [ 0.132932, 0.263278, -4.814416 ],
	"ground_quat" : [ 0.6614, -0.020583, 0.02799, 0.749135 ],
	"position" : [ -0.01944, 0.106096, -0.046008 ],
	"frustum" : [ -0.614897, 0.634089, -0.305225, 0.480099, 1.0, 10.0 ],
	"rotatexyz" : [ -3.118292, -1.366095, 0.631659 ],
	"quat" : [ -0.027272, -0.012067, 0.005185, 0.999542 ]
}
