{
	"position" : [ 0.169309, 4.710928, 0.746817 ],
	"frustum" : [ -0.614897, 0.634089, -0.305225, 0.480099, 1.0, 10.0 ],
	"rotatexyz" : [ -85.985733, 0.102864, -2.532374 ],
	"quat" : [ -0.681758, 0.015727, -0.015551, 0.731147 ],
	"cloud_rotate" : [ -0.6614, 0.020583, -0.02799, 0.749135 ],
	"cloud_translate" : [ 0.190261, 4.742031, 0.857906, 0.0 ]
}
